{"epoch/val_loss":0.4776780307292938,"batch/learning_rate":0.0010000000474974513,"epoch/learning_rate":0.0010000000474974513,"_wandb":{"runtime":0},"batch/accuracy":0.9204776883125305,"_runtime":0,"epoch/loss":0.18415598571300507,"_step":2375,"epoch/val_accuracy":0.8372564911842346,"batch/batch_step":2364,"epoch/accuracy":0.9204776883125305,"_timestamp":1.7735933008799539e+09,"batch/loss":0.18415598571300507,"epoch/epoch":10}