{"batch/loss":0.183556467294693,"batch/batch_step":2579,"batch/learning_rate":0.0010000000474974513,"_step":2591,"epoch/loss":0.183556467294693,"_wandb":{"runtime":0},"epoch/accuracy":0.923681914806366,"_timestamp":1.7748727460859377e+09,"epoch/val_accuracy":0.8510552048683167,"_runtime":0,"batch/accuracy":0.923681914806366,"epoch/epoch":11,"epoch/val_loss":0.35891658067703247,"epoch/learning_rate":0.0010000000474974513}