{"batch/batch_step":3009,"_timestamp":1.7747999544518914e+09,"epoch/accuracy":0.9251383543014526,"_runtime":0,"epoch/val_accuracy":0.8587662577629089,"batch/accuracy":0.9251383543014526,"epoch/learning_rate":0.0010000000474974513,"epoch/val_loss":0.36938926577568054,"batch/learning_rate":0.0010000000474974513,"epoch/loss":0.1794183850288391,"epoch/epoch":13,"_step":3023,"batch/loss":0.1794183850288391,"_wandb":{"runtime":0}}