{"batch/accuracy":0.9030002951622009,"epoch/learning_rate":0.0010000000474974513,"batch/loss":0.22063151001930237,"epoch/accuracy":0.9030002951622009,"epoch/val_loss":0.3611847460269928,"epoch/epoch":7,"_wandb":{"runtime":24},"batch/learning_rate":0.0010000000474974513,"_timestamp":1.7747962816395233e+09,"_step":1727,"epoch/val_accuracy":0.8599837422370911,"_runtime":24,"batch/batch_step":1719,"epoch/loss":0.22063151001930237}